set timezone to 'Asia/Chongqing';
\c ultimate;
\c - ultimate;
create schema if not exists iam;
--
-- User
create table if not exists iam.user
(
    id     bigserial   not null,
    email  varchar
        constraint user_uk_email unique,
    phone  varchar
        constraint user_uk_phone unique,
    name   varchar,
    status int         not null,
    gender int         not null,
    cid    bigint      not null,
    ctime  timestamptz not null,
    mid    bigint,
    mtime  timestamptz,
    constraint user_pk primary key (id)
);
--
-- User Credential
create table if not exists iam.user_credential
(
    id            bigint       not null
        constraint user_credential_fk_user references iam.user (id),
    encrypted_pwd varchar(255) not null,
    cid           bigint       not null,
    ctime         timestamptz  not null,
    mid           bigint,
    mtime         timestamptz,
    constraint user_credential_pk primary key (id)
);
--
-- Role
create table if not exists iam.role
(
    id          bigserial   not null,
    name        varchar(50) not null,
    description text,
    cid         bigint      not null,
    ctime       timestamptz not null,
    mid         bigint,
    mtime       timestamptz,
    constraint role_pk primary key (id)
);
--
-- Permission
create table if not exists iam.permission
(
    id          bigserial   not null,
    name        varchar(50) not null,
    description text,
    resource    varchar(50) not null,
    action      varchar(50) not null,
    cid         bigint      not null,
    ctime       timestamptz not null,
    mid         bigint,
    mtime       timestamptz,
    constraint permission_pk primary key (id)
);
--
-- User Role Relation
create table if not exists iam.user_role
(
    user_id bigint not null,
    role_id bigint not null,
    cid     bigint not null,
    ctime   timestamptz not null,
    constraint user_role_pk primary key (user_id, role_id),
    constraint user_role_fk_user foreign key (user_id) references iam.user (id),
    constraint user_role_fk_role foreign key (role_id) references iam.role (id)
);
--
-- Role Permission Relation
create table if not exists iam.role_permission
(
    role_id       bigint not null,
    permission_id bigint not null,
    cid           bigint not null,
    ctime         timestamptz not null,
    constraint role_permission_pk primary key (role_id, permission_id),
    constraint role_permission_fk_role foreign key (role_id) references iam.role (id),
    constraint role_permission_fk_permission foreign key (permission_id) references iam.permission (id)
);
--
-- initial data
------------------
insert into iam."user" (id, email, phone, name, status, cid, ctime)
values (1, 'admin@ultimate.com', null, '超管', 100, 1, current_timestamp),
       (10000, 'user@ultimate.com', '13912345678', '普通用户', 100, 1, current_timestamp);
insert into iam.user_credential (id, encrypted_pwd, cid, ctime)
values (1,
        '#1#$argon2id$v=19$m=19456,t=2,p=1$hAPRw63nW4mdwOd0l0WnmA$wN1i4uYbL+h/FjsaMVae6n93A3LikkqJ4IwiAqr78x0', -- 密码为：2024.Ultimate
        1, current_timestamp);
-- 重置 user_id_seq，使新用户注册从ID为 10001 开始
alter sequence iam.user_id_seq restart 10001;
--
-- 初始化数据
insert into iam.role (id, name, description, cid, ctime)
values (1, '超级管理员', '拥有所有权限的角色', 1, current_timestamp),
       (2, '普通用户', '基本权限的角色', 1, current_timestamp);

insert into iam.permission (id, name, description, resource, action, cid, ctime)
values (1, '用户查看', '查看用户信息的权限', 'user', 'read', 1, current_timestamp),
       (2, '用户创建', '创建用户的权限', 'user', 'create', 1, current_timestamp),
       (3, '用户更新', '更新用户信息的权限', 'user', 'update', 1, current_timestamp),
       (4, '用户删除', '删除用户的权限', 'user', 'delete', 1, current_timestamp);
--
-- 为超级管理员分配所有权限
insert into iam.role_permission (role_id, permission_id, cid, ctime)
values (1, 1, 1, current_timestamp),
       (1, 2, 1, current_timestamp),
       (1, 3, 1, current_timestamp),
       (1, 4, 1, current_timestamp);
--
-- 为普通用户分配查看权限
insert into iam.role_permission (role_id, permission_id, cid, ctime)
values (2, 1, 1, current_timestamp);
--
-- 为现有用户分配角色
insert into iam.user_role (user_id, role_id, cid, ctime)
values (1, 1, 1, current_timestamp),      -- 超管用户分配超级管理员角色
       (10000, 2, 1, current_timestamp);  -- 普通用户分配普通用户角色
--
-- 重置序列
alter sequence iam.role_id_seq restart 3;
alter sequence iam.permission_id_seq restart 5;
